N° Modele;N° Piece;Grandeur
101;C32;Adultes
101;G7;Adultes
101;F3;Adultes
101;S88;Adultes
101;DV133;Adultes
101;DR56;Adultes
101;R45;Adultes
101;R46;Adultes
101;P12;Adultes
101;O2;Adultes
102;C34;Adultes
102;G7;Adultes
102;F3;Adultes
102;S88;Adultes
102;DV17;Adultes
102;DR87;Adultes
102;R48;Adultes
102;R47;Adultes
102;P12;Adultes
103;C76;Jeunes
103;G7;Jeunes
103;F3;Jeunes
103;S88;Jeunes
103;DV17;Jeunes
103;DR87;Jeunes
103;R48;Jeunes
103;R47;Jeunes
103;P12;Jeunes
103;O2;Jeunes
104;C76;Jeunes
104;G7;Jeunes
104;F3;Jeunes
104;S88;Jeunes
104;DV87;Jeunes
104;DR86;Jeunes
104;R12;Jeunes
104;R32;Jeunes
104;P12;Jeunes
105;C43;Hommes
105;G9;Hommes
105;F9;Hommes
105;S37;Hommes
105;DV57;Hommes
105;DR86;Hommes
105;R19;Hommes
105;R18;Hommes
105;R02;Hommes
105;P34;Hommes
105;C44f;Dames
105;G9;Dames
105;F9;Dames
105;S35;Dames
105;DV57;Dames
105;DR86;Dames
105;R19;Dames
105;R18;Dames
105;R02;Dames
105;P34;Dames
106;C43;Hommes
106;G9;Hommes
106;F9;Hommes
106;S37;Hommes
106;DV57;Hommes
106;DR87;Hommes
106;R19;Hommes
106;R18;Hommes
106;R02;Hommes
106;P34;Hommes
106;O4;Hommes
106;C43f;Dames
106;G9;Dames
106;F9;Dames
106;S35;Dames
106;DV57;Dames
106;DR87;Dames
106;R19;Dames
106;R18;Dames
106;R02;Dames
106;P34;Dames
106;O4;Dames
107;C01;Filles
107;G12;Filles
107;S02;Filles
107;R1;Filles
107;R2;Filles
107;R09;Filles
107;P1;Filles
107;S01;Filles
107;C02;Garçons
107;G12;Garçons
107;S03;Garçons
107;R1;Garçons
107;R2;Garçons
107;R09;Garçons
107;P1;Garçons
107;S05;Garçons
108;C15;Jeunes
108;G12;Jeunes
108;F9;Jeunes
108;S36;Jeunes
108;DV15;Jeunes
108;DR23;Jeunes
108;R11;Jeunes
108;R12;Jeunes
108;R10;Jeunes
108;P15;Jeunes
108;S74;Jeunes
109;C87;Hommes
109;G12;Hommes
109;F9;Hommes
109;S36;Hommes
109;DV41;Hommes
109;DR76;Hommes
109;R11;Hommes
109;R12;Hommes
109;R10;Hommes
109;P15;Hommes
109;S74;Hommes
109;C87f;Dames
109;G12;Dames
109;F9;Dames
109;S34;Dames
109;DV41;Dames
109;DR76;Dames
109;R11;Dames
109;R12;Dames
109;R10;Dames
109;P15;Dames
109;S73;Dames
110;C25;Jeunes
110;G7;Jeunes
110;F3;Jeunes
110;S87;Jeunes
110;DV132;Jeunes
110;DR52;Jeunes
110;R44;Jeunes
110;R47;Jeunes
110;P12;Jeunes
110;C26;Adultes
110;G7;Adultes
110;F3;Adultes
110;S87;Adultes
110;DV133;Adultes
110;DR52;Adultes
110;R44;Adultes
110;R47;Adultes
110;P12;Adultes
