N° Commande;N° Equipement;Quantité
COM1;DR76;1
COM2;S03;1
COM3;C02;1
COM4;C34;3
COM5;S73;3
COM6;C26;2
COM7;S73;1
COM8;R19;1
COM9;S34;2
COM10;R10;3
COM11;R02;2
COM12;106;3
COM13;109;3
COM14;109;3
COM15;DV132;3
COM16;S37;3
COM17;C32;2
COM18;DR76;2
COM19;DR52;1
COM20;DV57;1
COM21;R2;1
COM22;S02;2
COM23;R11;2
COM24;R02;3
COM25;106;2
COM26;DR86;3
COM27;R12;3
COM28;R45;1
COM29;109;3
COM30;R48;2
COM31;G12;3
COM32;R48;1
COM33;C87f;1
COM34;S03;3
COM35;DR52;2
COM36;103;3
COM37;102;3
COM38;R02;3
COM39;P1;3
COM40;DV57;2
COM41;110;1
COM42;S34;1
COM43;106;3
COM44;S36;2
COM45;DV87;2
COM46;R2;1
COM47;C26;1
COM48;R2;2
COM49;S03;3
COM50;DR56;2
COM51;C87f;2
COM52;G12;1
COM53;DV17;1
COM54;S74;1
COM55;DR56;3
COM56;R48;3
COM57;C87;3
COM58;S74;2
COM59;S74;2
COM60;106;1
COM61;S36;2
COM62;R10;1
COM63;R18;2
COM64;106;3
COM65;R47;2
COM66;S36;1
COM67;105;1
COM68;C15;1
COM69;R45;3
COM70;101;3
COM71;C43f;3
COM72;DV57;1
COM73;C25;3
COM74;C34;1
COM75;S74;1
COM76;R18;3
COM77;R11;1
COM78;C15;2
COM79;R2;3
COM80;C26;1
COM81;R2;1
COM82;C25;1
COM83;107;2
COM84;R45;1
COM85;103;2
COM86;R12;2
COM87;C34;2
COM88;C34;3
COM89;R19;2
COM90;DV87;1
COM91;104;2
COM92;S74;3
COM93;G12;2
COM94;R1;3
COM95;DV87;1
COM96;C87f;3
COM97;C02;1
COM98;DR56;1
COM99;R47;2
COM100;DR52;1
COM101;DV15;1
COM102;P12;2
COM103;102;1
COM104;S87;1
COM105;O2;2
COM106;G12;3
COM107;R02;2
COM108;O4;1
COM109;C26;3
COM110;DR86;1
COM111;C87;2
COM112;DV41;1
COM113;S88;2
COM114;S73;1
COM115;O2;3
COM72;R10;2
COM59;S36;3
COM70;S05;2
COM111;R46;1
COM61;DV87;1
COM25;S05;1
COM4;R32;3
COM11;105;3
COM43;O2;1
COM28;S02;1
COM89;C01;1
COM106;F3;1
COM102;S05;2
COM7;P12;1
COM54;S36;1
COM33;C01;2
COM78;C44f;3
COM26;R48;1
COM32;C87;1
COM16;P12;3
COM82;P1;3
COM6;S35;1
COM10;P34;2
COM37;DR52;2
COM32;P12;3
COM101;R45;3
COM93;C26;2
COM28;R10;3
COM57;DR56;1
COM63;C25;2
COM89;S87;2
COM26;O4;3
COM5;G7;1
COM29;C43f;1
COM23;R12;3
COM52;R48;3
COM26;F9;3
COM17;P1;1
COM85;S36;2
COM4;G7;1
COM63;S74;3
COM38;S05;1
COM90;S05;2
COM21;S03;1
COM13;105;3
COM24;101;2
COM65;P15;3
COM20;108;1
COM83;R11;2
COM74;O2;3
COM82;DR87;1
COM87;S02;1
COM87;C26;1
COM49;103;3
COM102;DR52;3
COM86;DR56;3
COM94;C43;1
COM16;DV87;1
COM90;DV41;1
COM14;R47;2
COM22;DV87;3
COM91;DR87;2
COM107;S05;1
COM13;R10;2
COM73;C02;1
COM112;R32;2
COM3;O2;3
COM106;C87;2
COM87;DV41;3
COM107;DV87;2
COM54;DV133;1
COM46;R18;2
COM60;S73;1
COM37;S88;2
COM12;R11;2
COM46;C43f;1
COM23;105;3
COM25;103;1
COM79;103;2
COM15;R46;1
COM51;109;3
COM94;P1;1
COM32;107;3
COM31;P1;1
COM96;105;2
COM78;R48;1
COM8;G12;2
COM34;C87;2
COM44;R48;3
COM7;108;3
COM108;DR87;2
COM62;S01;1
COM82;107;1
COM53;C26;2
COM99;F3;3
COM99;R11;1
COM2;S74;1
COM65;C76;1
COM36;DR87;1
COM66;C87f;1
COM97;S01;3
COM61;R02;1
COM100;P34;3
COM68;102;3
COM23;R18;1
COM77;R18;1
COM53;G12;1
COM115;DR76;3
COM65;R19;2
COM6;C15;1
COM20;S37;1
COM99;S05;3
COM69;110;3
COM79;R10;3
COM63;S36;1
COM43;S36;1
COM8;C25;1
COM30;DV15;2
COM46;S87;1
COM31;R02;3
COM22;C43;1
COM13;R44;2
COM105;S05;1
COM80;C76;2
COM9;R47;2
COM106;S03;2
COM37;R44;2
COM92;S37;2
COM25;C87f;2
COM108;P1;2
COM13;C87f;3
COM50;DV133;2
COM104;R02;1
COM11;R46;1
COM54;C43;3
COM7;S37;2
COM94;DV133;2
COM93;R02;2
COM107;C32;1
COM91;DV132;1
COM19;G9;3
COM1;DV57;3
COM62;102;1
COM102;S01;2
COM94;P12;3
COM44;G9;1
COM89;108;2
COM70;C32;3
COM72;C87f;1
COM42;P12;3
COM71;DR56;1
COM60;DV57;2
COM38;108;1
COM7;DV17;2
COM40;101;3
COM99;R10;2
COM50;C25;1
COM108;S34;1
COM97;C87;2
COM83;S34;3
COM113;DR87;1
COM8;R09;2
COM4;P34;3
COM90;107;1
COM24;R48;1
COM71;S34;2
COM104;C43f;3
COM55;O2;2
COM9;R02;1
COM110;R2;2
COM73;R1;2
COM13;DV15;1
COM24;R18;1
COM12;R12;2
COM24;R09;3
COM15;R12;2
COM62;DV17;1
COM91;R47;1
COM105;DR76;1
COM63;103;1
COM49;R1;1
COM64;S35;2
COM67;C44f;3
